DirectorID,DirectorName,MovieCount,Director_AvgRating
nm2792120,K.R. Seetarama Sastry,3,10
nm3407152,P.R. Kaundinya,3,9.866666667
nm1376086,Aruru Pattabhi,6,9.75
nm0025655,S.K. Ananthachari,4,9.75
nm0802076,T.V. Singh Thakore,10,9.72
nm1377688,R. Ramamurthy,5,9.58
nm3383364,K.S.L. Swamy,4,9.575
nm0311678,Geethapryia,3,9.566666667
nm1032977,Y.R. Swamy,17,9.452941176
nm0900129,M.R. Vittal,6,9.45
nm1196099,N.C. Rajan,4,9.425
nm0670703,Sivaram Peketi,6,9.416666667
nm0082768,Alexander Binder,5,9.08
nm1151007,Siddalingaiah,9,9.066666667
nm4583120,Francois Lespes,3,9.066666667
nm5061460,Daniel Beard,3,9.033333333
nm2223858,Steve Ravic,5,9.02
nm0482541,Petar Lalovic,3,8.933333333
nm4318378,James Niebauer,3,8.933333333
nm3384591,Chi. Dattaraj,3,8.933333333
nm0799491,H.L.N. Simha,4,8.925
nm4698419,Tim Hahne,3,8.9
nm0813772,V. Somasekhar,6,8.9
nm4974378,Benjamin T. Orifici,3,8.9
nm4144675,John C. Brown,3,8.9
nm0471468,Hunsur Krishnamurthy,10,8.89
nm1578125,Michael Burns,3,8.866666667
nm9466320,Cag Iglesia de Dios Todopoderoso,9,8.844444444
nm4479660,Nick Nanton,3,8.833333333
nm0277892,Taliya Finkel,3,8.833333333
nm0596489,Ferenc Moldov??nyi,5,8.82
nm2739675,Ari Davidovich,3,8.8
nm1881313,Linda Palmer,3,8.766666667
nm0776411,Alexa Oona Schulz,3,8.766666667
nm0529619,Vladimir L??on,3,8.766666667
nm0602128,Mark Moormann,3,8.7
nm1715463,Eric Bednarski,3,8.7
nm6455554,Nitin Chandra,3,8.7
nm0601345,Jefferson Moore,3,8.7
nm1103151,Carlos Nader,6,8.7
nm2705834,Steven M. Hirohama,3,8.666666667
nm2740466,Christopher H.K. Lee,3,8.666666667
nm0743949,Hannes Rossacher,5,8.64
nm2678242,Cathy Jones,5,8.64
nm6288959,Brian Naydol,3,8.633333333
nm1348574,Robert Zuber,4,8.625
nm1162577,Frank Berry,4,8.625
nm0378408,Cecil M. Hepworth,4,8.6
nm5149153,Mike Redman,3,8.6
nm3857844,Elisavet Laloudaki,4,8.6
nm4145885,Anson Fogel,3,8.6
nm3857396,Massimo Pizzocaro,4,8.6
nm2947932,Gerasimos Rigas,4,8.575
nm5538332,G??bor Murai,4,8.575
nm0591659,Ethan H. Minsker,3,8.566666667
nm1032623,A.V. Seshagiri Rao,6,8.566666667
nm0890489,Eftimie Vasilescu,3,8.566666667
nm0737276,Hank Rogerson,3,8.566666667
nm0349202,Ramineedu Gutha,3,8.566666667
nm3840001,David Graham Scott,5,8.56
nm1531832,Frederic Lumiere,4,8.55
nm1335453,N. Harishchandra Rao,3,8.533333333
nm1391455,Tuomo Rysti,3,8.533333333
nm1229177,Tim Van Someren,4,8.525
nm4415855,Scott Noble,4,8.525
nm0556603,Bill Mason,4,8.525
nm0357628,Mat Hames,8,8.525
nm0044609,Ranga B.S.,17,8.517647059
nm0390437,Jacques Holender,6,8.516666667
nm1029114,Dhorairaj Bhagavan,19,8.515789474
nm1181881,Tareque Masud,6,8.5
nm1746017,Sebastian J.F.,3,8.5
nm2267566,George Voulgaris,3,8.5
nm1253853,Tomislav Zaja,3,8.5
nm1159041,Tulsi Ghimire,4,8.5
nm1181880,Catherine Masud,3,8.5
nm1029841,Luca Guardabascio,5,8.48
nm5561974,P. Sheshadri,4,8.475
nm0482297,N. Lakshminarayan,4,8.475
nm4991904,Janchivdorj Sengedorj,3,8.466666667
nm3591496,Ram,3,8.466666667
nm0887361,Hugo Van Lawick,3,8.466666667
nm0490808,Erez Laufer,3,8.466666667
nm0302087,Eduard Galic,9,8.466666667
nm0002160,Moustapha Akkad,3,8.466666667
nm0221805,Lorenzo DeStefano,3,8.466666667
nm3791887,Szil??rd Matusik,4,8.45
nm0039407,Matt Askem,4,8.45
nm0113845,Jim Brown,6,8.45
nm3883728,Joe L. Roberts,7,8.442857143
nm2833230,Nick Rosen,5,8.44
nm1783717,Tom Murray,3,8.433333333
nm7734983,Jatin Satish Wagle,3,8.433333333
nm3025186,Jason Reid,3,8.433333333
nm1355738,Terry Lukemire,3,8.433333333
nm0716845,Khan Ataur Rahman,3,8.433333333
nm7601361,Narayan Ghosh Mita,3,8.433333333
nm0258821,G??zim Erebara,5,8.42
nm3792517,Julie Cohen,3,8.4
nm0639962,Kate O'Callaghan,3,8.4
nm5041308,Rodrigo Mac Niven,3,8.4
nm2913205,Larry Wessel,3,8.4
nm0792428,Edward B. Sherman,3,8.4
nm3726121,Lieven Corthouts,3,8.4
nm2508762,Delaney Ruston,3,8.4
nm2395440,Pedro Gonz??lez Berm??dez,3,8.4
nm2387437,Aaron Matthews,3,8.4
nm5711176,Khoi Nguyen,8,8.4
nm1839981,Mattias L??w,7,8.385714286
nm1929134,Jamie Benning,5,8.38
nm3679540,Philippe Lesage,4,8.375
nm2513556,Zahir Raihan,7,8.371428571
nm4019759,Srdjan Keca,3,8.366666667
nm0037867,Yann Arthus-Bertrand,3,8.366666667
nm0746996,Dilip Roy,3,8.366666667
nm1760857,Kelly Rundle,3,8.366666667
nm0339234,Barry Greenwald,7,8.357142857
nm0666674,Anand Patwardhan,8,8.35
nm0432614,Barbara Junge,8,8.35
nm2609716,Tauquir Ahmed,4,8.35
nm1028650,Partha Pratim Chowdhury,6,8.35
nm0470749,Petar Krelja,11,8.345454545
nm4254419,Nabwana I.G.G.,7,8.342857143
nm1365424,Goran Devic,3,8.333333333
nm0414904,Nora Jacobson,3,8.333333333
nm1390314,Herv?? Joseph Lebrun,3,8.333333333
nm1355731,Josh Lowell,10,8.31
nm2050348,Peter Mortimer,10,8.31
nm2240418,Nimisha Mukerji,3,8.3
nm4558778,Morgan Nichols,3,8.3
nm1188572,Adi Barash,3,8.3
nm0575346,Gusejn Mekhtiyev,4,8.3
nm2757199,Hannelore Conradsen,4,8.3
nm0294825,Ron Fricke,3,8.3
nm0784186,Zeljko Senecic,5,8.3
nm0789461,Ruthie Shatz,3,8.3
nm1894298,Tommy Haines,3,8.3
nm1621367,Steven Scaffidi,4,8.3
nm0634240,Christopher Nolan,10,8.3
nm0230964,Rudi Dolezal,5,8.3
nm7635529,Simon Godwin,4,8.3
nm0613109,David Munro,4,8.3
nm5975638,Zachary Barr,3,8.3
nm4483474,Fahad Mustafa,3,8.3
nm3342667,Laura Waters Hinson,3,8.3
nm0997425,Ermalo Magradze,4,8.3
nm0994500,Nicol??s Batlle,4,8.3
nm1035818,Michael P. Nash,3,8.3
nm0946846,Yatrik,6,8.3
nm0609386,James E. Motluk,7,8.285714286
nm1580459,Federico Micali,6,8.283333333
nm0156981,S. Leo Chiang,5,8.28
nm2002677,Dieter K??ster,7,8.271428571
nm0412676,G.V. Iyer,10,8.27
nm0735474,Phillip Rodriguez,3,8.266666667
nm3012141,Chu Wen,3,8.266666667
nm5165653,Khashayar Mostafavi,3,8.266666667
nm3561473,Susan Polis Schutz,3,8.266666667
nm1355730,Bret Lowell,3,8.266666667
nm1000358,Narayana B.S.,3,8.266666667
nm2447482,Neal Hutcheson,3,8.266666667
nm1069818,Cahangir Mehdiyev,3,8.266666667
nm0242086,Robert A. Duncan,3,8.266666667
nm0482321,S.D. Lal,8,8.2625
nm1076642,Abby Ginzberg,5,8.26
nm1135188,Alisattar Atakishiyev,5,8.26
nm0660537,G??bor Zsigmond Papp,7,8.257142857
nm2765738,Marianne Elliott,4,8.25
nm8120704,Dependra K. Khanal,4,8.25
nm1006692,Dick Carruthers,9,8.244444444
nm0714762,Kadiri Venkata Reddy,13,8.238461538
nm0080258,Bhargava,8,8.2375
nm0196186,Armando da Silva Brand??o,3,8.233333333
nm2290174,Eric Daniel Metzgar,3,8.233333333
nm0722525,Scott Rhodes,3,8.233333333
nm2902565,Nicola Caulfield,3,8.233333333
nm2636610,Anthony Caulfield,3,8.233333333
nm1339693,Jorge Pelicano,3,8.233333333
nm0673912,Damian Perkins,3,8.233333333
nm0303212,Scott Galloway,3,8.233333333
nm0386246,Rajkumar Hirani,4,8.225
nm0411259,Morshedul Islam,9,8.222222222
nm0659849,B. Ramakrishnaiah Panthulu,20,8.22
nm0791542,Eldar Shengelaia,11,8.218181818
nm0521730,Robin Lough,6,8.216666667
nm0901404,Nikolai Volev,7,8.214285714
nm1282420,Michael B. Clifford,3,8.2
nm0666675,Jayoo Patwardhan,3,8.2
nm0881279,Lee Unkrich,5,8.2
nm6717590,M. Manikandan,3,8.2
nm3953009,Christian Tod,3,8.2
nm3789142,Mirko Pincelli,3,8.2
nm2875023,Spencer T. Folmar,3,8.2
nm1434000,Jim Fields,5,8.2
nm0926911,Nick Wickham,6,8.2
nm0666676,Nachiket Patwardhan,3,8.2
nm0606835,Nick Morris,3,8.2
nm1382174,Christian de Rezendes,3,8.2
nm0002156,Tengiz Abuladze,9,8.188888889
nm0225630,Deborah Dickson,6,8.183333333
nm1045873,Saimir Kumbaro,6,8.183333333
nm1086360,Dietmar Post,5,8.18
nm3283906,Nishtha Jain,5,8.18
nm1086262,Luc??a Palacios,5,8.18
nm0054574,Raja Bargir,4,8.175
nm2157182,Jayantha Chandrasiri,4,8.175
nm0158918,Goderdzi Chokheli,8,8.175
nm0335871,Alexander Grasseck,3,8.166666667
nm2780866,Marek Tomasz Pawlowski,3,8.166666667
nm3642647,Paresh Mokashi,3,8.166666667
nm0179872,Stefan Corinth,3,8.166666667
nm3634923,Ahmed Rashwan,3,8.166666667
nm1939860,Damon Ristau,3,8.166666667
nm1583736,Zolt??n T??r??k,3,8.166666667
nm1762984,Viktoria Vellopoulou,3,8.166666667
nm3589542,Jeroen Van Der Stock,3,8.166666667
nm0718804,Mate Relja,3,8.166666667
nm1326086,Mike Hill,5,8.16
nm5756213,Suni,5,8.16
nm0644183,Rasim Ojagov,11,8.154545455
nm0447863,Christopher Kenneally,6,8.15
nm0589130,Peter Miller,7,8.142857143
nm0432623,Winfried Junge,10,8.14
nm0382337,Walter Heynowski,5,8.14
nm0771209,Gerhard Scheumann,5,8.14
nm1075855,Anar Rzayev,3,8.133333333
nm2685552,Paulo Henrique Fontenelle,3,8.133333333
nm1580738,James Pellerito,3,8.133333333
nm0526199,K??tia Lund,3,8.133333333
nm0363596,Kelly Harms,3,8.133333333
nm3855174,Gianluca Zonta,3,8.133333333
nm1480727,Bibi Bozzato,3,8.133333333
nm3562580,Alex Fegan,3,8.133333333
nm2518732,Kranti Kanad??,3,8.133333333
nm4216721,Jatinder Mauhar,3,8.133333333
nm0611029,Denis Mueller,3,8.133333333
nm0605049,Susan Morgan Cooper,3,8.133333333
nm4508916,Sam Khoze,3,8.133333333
nm2122786,Herbert Sveinbj??rnsson,3,8.133333333
nm6527118,Leon Lee,3,8.133333333
nm2716176,Shoaib Mansoor,3,8.133333333
nm2513694,Yorgos Avgeropoulos,3,8.133333333
nm1602099,David Barba,3,8.133333333
nm2611428,Dawn Gifford Engle,5,8.12
nm0712430,Ravi,5,8.12
nm0158523,Rezo Chkheidze,10,8.12
nm7547471,Alexander Popov,3,8.1
nm1715501,Rory Karpf,4,8.1
nm0255528,Danae Elon,5,8.1
nm0019593,Fikret Aliev,3,8.1
nm2845072,Steve Dorst,3,8.1
nm1619378,Eric Merola,4,8.1
nm6342685,Kai Zastrow,3,8.1
nm4414980,Aris Chatzistefanou,4,8.1
nm2057035,Jon Klaczkiewicz,3,8.1
nm1203068,Radislav Ivanov Gonzo,3,8.1
nm1068937,Dayaram Dahal,3,8.1
nm0907991,Luke Walker,3,8.1
nm0154206,Kartick Chattopadhyay,3,8.1
nm7679856,Yugo Serikawa,3,8.1
nm6066050,Josie Rourke,3,8.1
nm3085823,Florent de La Tullaye,4,8.1
nm0393025,Istv??n Homoki Nagy,4,8.1
nm3630885,Adam Lee Hamilton,4,8.1
nm1956560,Renaud Barret,4,8.1
nm1371526,Dilip Mukherjee,10,8.1
nm0411351,Rasim Ismailov,3,8.1
nm0619056,T.S. Nagabharana,12,8.091666667
nm1699123,Emir Skalonja,9,8.088888889
nm0691354,Stole Popov,6,8.083333333
nm0897200,Vijay,15,8.08
nm1053837,Shawney Cohen,5,8.08
nm0027370,Robin Anderson,4,8.075
nm2167912,Daniel Nearing,4,8.075
nm0850169,Rajen Tarafder,4,8.075
nm2297386,B??atrice Bakhti,4,8.075
nm0657424,Temuri Palavandishvili,4,8.075
nm3740964,Amel Tresnjic,3,8.066666667
nm1083864,Scot McFadyen,9,8.066666667
nm0369580,Matthew Hausle,3,8.066666667
nm0385978,David Hinton,3,8.066666667
nm1363250,Gabriela Cowperthwaite,3,8.066666667
nm0933876,Mike Wilson,3,8.066666667
nm0710563,Kamalakara Kameshwara Rao,16,8.05625
nm0539950,David Mallet,4,8.05
nm3109770,Neeraj Pandey,4,8.05
nm0045024,Temur Babluani,4,8.05
nm1100276,Olga Sp??tov??,4,8.05
nm0080526,Laura Bialis,4,8.05
nm0034820,Gonzalo Arijon,4,8.05
nm0201187,Attila Dargay,4,8.05
nm2685328,Danny Ben-Moshe,4,8.05
nm0437031,S.R. Puttana Kanagal,23,8.047826087
nm0149812,Utpalendu Chakrabarty,5,8.04
nm0432719,John Junkerman,5,8.04
nm0006249,Satyajit Ray,30,8.036666667
nm0621956,Ali Nassar,3,8.033333333
nm4453850,Filip Svarm,3,8.033333333
nm0528314,Harry Lynch,3,8.033333333
nm4274575,Vetrimaaran,3,8.033333333
nm1735513,Thorkell S. Hardarson,3,8.033333333
nm0690454,Jean-Pierre Ponnelle,9,8.033333333
nm3336371,Byron Q.,3,8.033333333
nm1394648,Paul Pissanos,3,8.033333333
nm1157637,Elias Pate,3,8.033333333
nm1681049,Alexander Nanau,3,8.033333333
nm1154498,Bryan Young,3,8.033333333
nm1077724,Christopher Dillon Quinn,3,8.033333333
nm0577149,A.V. Meiyappan,3,8.033333333
nm0338316,Sam Green,3,8.033333333
nm0304752,Branko Gapo,6,8.033333333
nm0148987,Scott Cervine,3,8.033333333
nm1165997,Sari Raissa Lluch Dalena,3,8.033333333
nm0771515,P??l Schiffer,3,8.033333333
nm0028968,Radivoje Andric,3,8.033333333
nm3174627,Patrick Daly,3,8.033333333
nm1622441,Brett Harvey,3,8.033333333
nm1567453,??rn Marino Arnarson,3,8.033333333
nm0591036,Bady Minck,3,8.033333333
nm0281120,Lisette Marie Flanary,3,8.033333333
nm0004206,Goran Gajic,3,8.033333333
nm3329219,Jeremy Herrin,3,8.033333333
nm3039858,David Lassman,3,8.033333333
nm1126245,Branko Istvancic,7,8.028571429
nm0703850,Gordon Quinn,8,8.025
nm1157811,Pete McCormack,4,8.025
nm0744605,Miles Roston,4,8.025
nm1643821,Joe Scott,4,8.025
nm1150930,Huseyn Seyidzadeh,4,8.025
nm1033181,Kamalakar Torne,4,8.025
nm0713576,Kavi Raz,4,8.025
nm0744364,Fr??d??ric Rossif,8,8.025
nm0566754,Jack McCoy,5,8.02
nm1509561,Paul Wittenberger,5,8.02
nm0557044,Mai Masri,6,8.016666667
nm1217568,Darmasena Pathiraja,7,8.014285714
nm0592471,Fran??ois Miron,7,8.014285714
nm0012345,J??rg Adolph,4,8
nm0354565,Hysen Hakani,3,8
nm0671708,Bhalji Pendharkar,9,8
nm0459908,Vanca Kljakovic,5,8
nm1761719,Natalia Armienta,3,8
nm0007714,Devi Abashidze,3,8
nm3091740,Brian Darwas,4,8
nm2039679,Ibtisam Mara'ana,5,8
nm0791685,Tom Shepard,3,8
nm0011276,R.J. Adams,6,8
nm3078995,Ilian Djevelekov,3,8
nm1671971,Jeremy Earp,3,8
nm0742466,Nina Rosenblum,6,8
nm1252974,Nasser Refaie,3,8
nm0530802,Mallikharjuna Rao M.,4,8
nm0233370,Gregory Doran,4,8
nm0125638,Matthew Buzzell,3,8
nm2152367,Ivette L??cker,3,8
nm0594503,Hayao Miyazaki,12,7.991666667
nm0846552,Tofig Taghizade,11,7.990909091
nm0953508,John Zaritsky,8,7.9875
nm0821552,Ludmil Staikov,6,7.983333333
nm1335449,B. Bhaskara Rao,6,7.983333333
nm1103147,Igor Mirkovic,5,7.98
nm1031494,Arabinda Mukhopadhyay,5,7.98
nm1098369,Ross MacGibbon,5,7.98
nm3096311,Ali Shifau,5,7.98
nm2829542,Paul Dugdale,13,7.976923077
nm0847766,Ran Tal,4,7.975
nm0242757,Sam Dunn,8,7.975
nm2036391,Paula Fouce,4,7.975
nm5859920,Filip Christensen,4,7.975
nm1384255,Victoria Bruce,4,7.975
nm0089821,Jerry Blumenthal,4,7.975
nm1167586,Hasan Seyidbayli,4,7.975
nm1385389,Karin Hayes,4,7.975
nm0001104,Frank Darabont,4,7.975
nm1095779,Biresh Chatterjee,4,7.975
nm0931747,Sue Williams,4,7.975
nm0274519,Agostino Ferrente,3,7.966666667
nm1436428,Keith Maitland,3,7.966666667
nm0299348,Osamu Fushimizu,3,7.966666667
nm3614151,Brett Sullivan,6,7.966666667
nm0062799,Peter Baxter,3,7.966666667
nm2407640,Petar Oreskovic,3,7.966666667
nm0082220,Robert Bilheimer,3,7.966666667
nm0191831,Mervyn Cumming,3,7.966666667
nm0175264,Bob Connolly,6,7.966666667
nm3193359,Ben Harding,3,7.966666667
nm2090073,David Teague,3,7.966666667
nm1011820,Nicole Newnham,3,7.966666667
nm1934513,Ren?? Fortunato,8,7.9625
nm0000233,Quentin Tarantino,13,7.961538462
nm0013824,Ignacio Ag??ero,5,7.96
nm0810602,Ladislav Smoljak,5,7.96
nm0823088,Wladyslaw Starewicz,5,7.96
nm0201749,Bernard Dartigues,5,7.96
nm0788860,Aribam Syam Sharma,5,7.96
nm0001466,Sergio Leone,7,7.957142857
nm0244901,Salil Dutta,9,7.955555556
nm1050198,Mladen Maticevic,4,7.95
nm1705951,Bertrand Loyer,4,7.95
nm0387890,Jonathan Hock,4,7.95
nm4974013,Avadhoot Gupte,4,7.95
nm1789443,Frank Gapinski,6,7.95
nm0482288,Lakshmi Deepak,4,7.95
nm0411958,Branko Ivanda,6,7.95
nm0088016,Vladimir Blazevski,4,7.95
nm1375921,Sachin Mukherjee,11,7.945454545
nm1119160,Hai Ninh,5,7.94
nm1314800,Mano Khalil,5,7.94
nm0583874,Guguli Mgeladze,8,7.9375
nm0015878,Reza Allamehzadeh,3,7.933333333
nm2153450,Madeleine Sackler,3,7.933333333
nm1204572,Vlatka Vorkapic,3,7.933333333
nm0520531,Giga Lortkipanidze,3,7.933333333
nm4848741,Susan Kucera,3,7.933333333
nm1253429,Aldo Tardozzi,3,7.933333333
nm0365057,Mark Jonathan Harris,3,7.933333333
nm0342778,Lee B. Groberg,3,7.933333333
nm1237178,David Beilinson,3,7.933333333
nm0892928,Alberto Vendemmiati,3,7.933333333
nm0586952,Lynn-Maree Milburn,3,7.933333333
nm0745948,Jean-Claude Rousseau,3,7.933333333
nm1243062,David Sigal,3,7.933333333
nm0841260,Boris Svetlov,3,7.933333333
nm0388968,John Hoffman,3,7.933333333
nm2480587,Charles Ferguson,3,7.933333333
nm1170017,Estela Renner,3,7.933333333
nm0361561,Fedor Hanzekovic,3,7.933333333
nm3250747,Anjali Menon,3,7.933333333
nm3120448,Marko Skop,3,7.933333333
nm3994747,Boodee Keerthisena,3,7.933333333
nm1030659,M. Krishnan,3,7.933333333
nm1044632,Ruben Abalos,3,7.933333333
nm0403951,Amjad Hossain,6,7.933333333
nm0353525,Carlos Hagerman,3,7.933333333
nm1626428,Murray Wais,4,7.925
nm3672123,Paul Diffley,4,7.925
nm0718765,Aleksandre Rekhviashvili,4,7.925
nm0714772,P. Chandrasekhara Reddy,4,7.925
nm0255613,Jon Else,4,7.925
nm1632985,Steve Winter,4,7.925
nm1112199,Russell Holt,4,7.925
nm0213450,Dean DeBlois,4,7.925
nm2272814,Ekaterina Eremenko,4,7.925
nm2807761,Dan Schneidkraut,5,7.92
nm0323281,Obrad Gluscevic,5,7.92
nm0959020,Charlotte Zwerin,5,7.92
nm3777147,Pavol Barabas,13,7.915384615
nm0445368,Xhanfize Keko,7,7.914285714
nm0849416,Nikola Tanhofer,7,7.914285714
nm0001789,Andrei Tarkovsky,10,7.91
nm0253083,R. Bruce Elder,3,7.9
nm5389446,Niall McCann,3,7.9
nm0596237,Amit Mitra,3,7.9
nm6143077,Pablo D'Stair,4,7.9
nm0711212,Manhar Raskapur,3,7.9
nm0438649,Ajoy Kar,16,7.9
nm0379088,Sonia Herman Dolz,4,7.9
nm0052024,Raimundas Banionis,4,7.9
nm0024912,Shimit Amin,3,7.9
nm7846444,Minoru Mizoguchi,3,7.9
nm3373269,Bijukumar Damodaran,6,7.9
nm0440424,Girish Kasaravalli,13,7.9
nm0390889,Neil Hollander,4,7.9
nm6458915,Ram Babu Gurung,4,7.9
nm4400961,Prakash,5,7.9
nm1166957,Scott Petersen,3,7.9
nm1056600,Paul Cronin,3,7.9
nm0787463,Neer Bikram Shah,3,7.9
nm0618935,Sundarrao Nadkarni,4,7.9
nm0125684,Byamba Sakhya,3,7.9
nm2638398,Stelios Kouloglou,4,7.9
nm1164313,Dejidiin Jigjid,3,7.9
nm1009787,Alexandra Shiva,4,7.9
nm0951834,Andrei Zagdansky,5,7.9
nm0245256,Cherry Duyns,3,7.9
nm0252021,Bob Eisenhardt,4,7.9
nm0002548,Ruby Yang,3,7.9
nm3578010,Yukihiro Miyamoto,3,7.9
nm1553346,Scott Gaffney,4,7.9
nm1401789,Mandeep Chahal,3,7.9
nm1098834,Jo??o Moreira Salles,5,7.9
nm0619760,M.T. Vasudevan Nair,3,7.9
nm0114378,Owsley Brown,3,7.9
nm7630832,Krishnadev Yagnik,3,7.9
nm2496474,Nicolas Rey,3,7.9
nm0916923,John Webster,3,7.9
nm0108889,Edwin Brienen,13,7.892307692
nm0707381,Rajdutt,13,7.884615385
nm0348470,Dinen Gupta,13,7.876923077
nm0802377,Tapan Sinha,29,7.875862069
nm0290712,Allan Francovich,4,7.875
nm2564117,Inara Kolmane,4,7.875
nm0726914,Dick Rijneke,4,7.875
nm1070064,Joel Pizzini,4,7.875
nm0924421,Adam N. White,4,7.875
nm0887376,Mildred Van Leeuwaarden,4,7.875
nm0293822,Craig Freimond,4,7.875
nm3217335,Aaron Young,4,7.875
nm1029582,Ajit Ganguly,4,7.875
nm0802501,Bruce Sinofsky,4,7.875
nm0710587,P.S. Ramakrishna Rao,7,7.871428571
nm0326500,Kresimir Golik,10,7.87
nm0789166,Stoney Sharp,3,7.866666667
nm1062779,Eric Pauwels,3,7.866666667
nm0590882,Matej Minac,3,7.866666667
nm0473549,Toshiyuki Kubooka,3,7.866666667
nm0160545,David Christopher,3,7.866666667
nm2861174,Kris Koenig,3,7.866666667
nm1253479,Yevgeniya Tirdatova,3,7.866666667
nm0707892,Gudavalli Ramabrahmam,3,7.866666667
nm0445391,Tunde Kelani,3,7.866666667
nm0166809,Danny Clinch,3,7.866666667
nm3566441,Mike Lordi,3,7.866666667
nm2099293,Antonello Belluco,3,7.866666667
nm0441919,Dan Katzir,3,7.866666667
nm1028280,Bijoy Bose,6,7.866666667
nm3361397,Tatsuya Oishi,3,7.866666667
nm1701233,Francesco Fanelli,3,7.866666667
nm5234736,Phillip Baribeau,3,7.866666667
nm3682706,Boris Mitic,3,7.866666667
nm1216767,Kaoru Ikeya,3,7.866666667
nm0914388,Polly Watkins,3,7.866666667
nm0804920,Fedor Skubonja,3,7.866666667
nm0762781,Oles Sanin,3,7.866666667
nm0463473,Greg Kohs,3,7.866666667
nm0297085,Susan Froemke,9,7.866666667
nm1108561,Archie Borders,3,7.866666667
nm0059395,Jahnu Barua,10,7.86
nm0611567,Sudhir Mukherjee,5,7.86
nm0521422,Emil Loteanu,5,7.86
nm2620986,Alamgir Kabir,5,7.86
nm0813331,Frances-Anne Solomon,5,7.86
nm1410815,Asghar Farhadi,7,7.857142857
nm1381689,Timothy Spanos,7,7.857142857
nm0304158,Mohan Gandhi,11,7.854545455
nm0321538,Viktor Gjika,8,7.85
nm1995242,Todd Jones,4,7.85
nm0186109,Bestor Cram,4,7.85
nm0009775,B. Vittalacharya,10,7.85
nm0956890,Thom Zimny,4,7.85
nm0654908,P. Sambasiva Rao,6,7.85
nm0097882,Modhu Bose,4,7.85
nm5914466,Pc Shekhar,4,7.85
nm3204205,Brett Whitcomb,4,7.85
nm0464804,Satoshi Kon,4,7.85
nm1023596,Mandy Stein,4,7.85
nm1471017,Tim Ford,4,7.85
nm0317685,Serge Gigu??re,4,7.85
nm0044726,Ante Babaja,5,7.84
nm0061763,Branko Bauer,15,7.84
nm0503635,Murray Lerner,8,7.8375
nm1084096,Dwayne Buckle,8,7.8375
nm0538306,Tarun Majumdar,38,7.834210526
nm0056423,Chandra Barot,3,7.833333333
nm1137799,Maple Razsa,3,7.833333333
nm2521807,Beth Murphy,3,7.833333333
nm1297226,Claudio Costa,3,7.833333333
nm1387582,Andrew Swant,3,7.833333333
nm3588437,Amit Dutta,3,7.833333333
nm1646089,Julia Bacha,3,7.833333333
nm2277489,Nick Brandestini,3,7.833333333
nm2054543,Fabio Wuytack,3,7.833333333
nm5986857,Keegan Kuhn,3,7.833333333
nm5928226,K.M. Chaitanya,3,7.833333333
nm2085641,Trisha Ray,3,7.833333333
nm0353532,Lorenzo Hagerman,3,7.833333333
nm0621029,Julian Napier,3,7.833333333
nm0162579,Frank Ciota,3,7.833333333
nm0003907,Peter Rosen,8,7.825
nm0665374,Jabbar Patel,9,7.822222222
nm0356968,Tamar Halpern,5,7.82
nm1100866,Dylan Verrechia,5,7.82
nm0007187,Subba Rao B.A.,6,7.816666667
nm0625747,Stanley Nelson,8,7.8125
nm0359144,Ziad H. Hamzeh,8,7.8125
nm0517665,Tom Logan,17,7.811764706
nm0000040,Stanley Kubrick,13,7.807692308
nm0169674,Paul Cohen,3,7.8
nm1869133,Arturo P??rez Torres,3,7.8
nm1745298,Roger Lay Jr.,12,7.8
nm1455949,Igor Stoimenov,3,7.8
nm1032178,Hemambharadhara Rao K.,3,7.8
nm0872304,Augusto Tretti,3,7.8
nm0683400,John Pilger,3,7.8
nm0666014,Yvan Patry,4,7.8
nm4822002,Suraj Subba,3,7.8
nm3826767,Kenneth Barr,3,7.8
nm2020639,Joseph Mathew,3,7.8
nm0797046,Hubertus Siegert,3,7.8
nm0433347,Audrius Juzenas,3,7.8
nm0344319,David Grubin,4,7.8
nm0097870,Dilip Bose,3,7.8
nm4081646,Arnie Voysey,3,7.8
nm0928370,Nettie Wild,4,7.8
nm0764869,Sarath,3,7.8
nm0493967,Fabrizio Lazzaretti,3,7.8
nm0484484,Saul Landau,3,7.8
nm0932076,Kent C. Williamson,3,7.8
nm0791488,Patrick Shen,3,7.8
nm0157329,Alcides Chiesa,3,7.8
nm2543803,Sara Hribar,4,7.8
nm1552470,Landon Van Soest,3,7.8
nm1168749,Ernesto Ardito,3,7.8
nm0670794,Micha X. Peled,3,7.8
nm0237707,Robert Drew,6,7.8
nm0025576,Dhimiter Anagnosti,8,7.8
nm0904036,Antun Vrdoljak,12,7.8
nm0562222,Chris Maybach,3,7.8
nm0438118,Murlidhar Kapdi,3,7.8
nm0006498,Majid Majidi,11,7.8
nm1350798,Ryan Kawamoto,3,7.8
nm1288010,Virna Molina,3,7.8
nm1117383,Mila Aung-Thwin,3,7.8
nm0457038,Nino Kirtadze,6,7.8
nm0258798,Mikl??s Erd??ly,3,7.8
nm4392114,Sylvestre Sbille,3,7.8
nm4212687,Olivia Rochette,3,7.8
nm4212293,Gerard-Jan Claes,3,7.8
nm2134170,Kiluanje Liberdade,3,7.8
nm1732981,Martin McDonagh,3,7.8
nm1473583,Josiah Kibira,3,7.8
nm0587549,Piro Milkani,11,7.8
nm0584974,Amanda Micheli,4,7.8
nm0329640,Michael A. Goorjian,4,7.8
nm0877078,Yavuz Turgul,8,7.7875
nm0097890,Piyush Bose,7,7.785714286
nm0232472,Arthur Dong,6,7.783333333
nm0080387,Sumitra Bhave,12,7.783333333
nm0837788,Sunil Sukthankar,12,7.783333333
nm0700386,P. Pullaiah,11,7.781818182
nm0392435,Travis Holt Hamilton,5,7.78
nm0946146,Yanko Yankov,4,7.775
nm1864696,Eddie Martin,4,7.775
nm0344262,Jonathan Gruber,4,7.775
nm2575681,Sally Norris,4,7.775
nm2118270,D??niel Tiszeker,4,7.775
nm0013256,Agragami,8,7.775
nm8045054,Firman Syah,4,7.775
nm0383510,William Higgins,23,7.773913043
nm1046174,Kristaq Mitro,7,7.771428571
nm1048550,Ibrahim Mu??aj,7,7.771428571
nm0068385,Martin Bell,3,7.766666667
nm2982357,Peter Leon,3,7.766666667
nm2334530,Piotr Stasik,3,7.766666667
nm1974091,Suki Singh,3,7.766666667
nm1251737,Chun Hua,3,7.766666667
nm0756521,Bhabendra Nath Saikia,3,7.766666667
nm1497995,Carlos Sandoval,3,7.766666667
nm0909548,Baillie Walsh,3,7.766666667
nm0666994,Stefan Paul,6,7.766666667
nm0619059,Kadaru Nagabhushanam,3,7.766666667
nm2198201,Deborah Scranton,3,7.766666667
nm1530433,Todd Douglas Miller,3,7.766666667
nm0594892,Ariane Mnouchkine,3,7.766666667
nm0398555,??gnes Hranitzky,3,7.766666667
nm0351790,Bregtje van der Haak,3,7.766666667
nm2005621,Paul Owens,3,7.766666667
nm0713822,Donna Read,3,7.766666667
nm1966348,Krystian Matysek,3,7.766666667
nm1650294,Lerone D. Wilson,3,7.766666667
nm0410641,Magnus Isacsson,3,7.766666667
nm2271458,Craig Saddlemire,3,7.766666667
nm1595270,Paul Doyle Jr.,3,7.766666667
nm0572385,Mark McLaughlin,3,7.766666667
nm0277404,David Finch,5,7.76
nm0467285,Victor Kossakovsky,8,7.75
nm1057370,Ben Addelman,4,7.75
nm0438808,Amir Karakulov,4,7.75
nm4174428,Ivan Peric,4,7.75
nm0593488,Justin Mitchell,4,7.75
nm5182031,Kazi Hayat,4,7.75
nm0809400,Miranda Smith,4,7.75
nm0135952,Nae Caranfil,7,7.742857143
nm0189581,Paul Crowder,5,7.74
nm0875453,Kazuya Tsurumaki,5,7.74
nm0947708,Oleg Yeryshev,5,7.74
nm0052338,Palash Bannerjee,5,7.74
nm0001178,Sergei M. Eisenstein,21,7.738095238
nm0784019,Mrinal Sen,28,7.735714286
nm0073394,Leonardo Bercovici,3,7.733333333
nm4579146,Matt Lang,3,7.733333333
nm2267675,Fridtjof Kj??reng,3,7.733333333
nm0726453,Jed Riffe,3,7.733333333
nm0468107,Dimitris Koutsiabasakos,3,7.733333333
nm0451592,Nacer Khemir,3,7.733333333
nm0256442,Endaf Emlyn,3,7.733333333
nm0000154,Mel Gibson,3,7.733333333
nm5961051,Atlee Kumar,3,7.733333333
nm2525291,David Whittet,3,7.733333333
nm1622132,Michael Patrick Kelly,3,7.733333333
nm1427130,Daniel Vernon,3,7.733333333
nm1126910,P. Nanjundappa,3,7.733333333
nm0408043,Hiroyuki Imaishi,3,7.733333333
nm0454115,Sotoji Kimura,3,7.733333333
nm3382045,Subhash Sen,3,7.733333333
nm2024238,Ward Serrill,3,7.733333333
nm2023622,Agne Marcinkeviciute,3,7.733333333
nm0872134,Barbara Trent,3,7.733333333
nm6567539,Nabeel Qureshi,3,7.733333333
nm1578836,Gabriel Clarke,3,7.733333333
nm1463564,Randall Gifford,3,7.733333333
nm0700393,Chittajalu Pullayya,6,7.733333333
nm0013676,Arantxa Aguirre,3,7.733333333
nm3404187,John McKenna,3,7.733333333
nm1141845,Anna Tchernakova,3,7.733333333
nm0667666,Paul Paviot,3,7.733333333
nm0347899,Gulzar,19,7.726315789
nm1416227,David Lussier,4,7.725
nm0439253,Ramu Kariat,4,7.725
nm2973316,M.A. Littler,4,7.725
nm2206349,Casey Tebo,4,7.725
nm0813449,Zoran Solomun,4,7.725
nm0613305,Titus Muntean,4,7.725
nm2975950,Umesh Vinayak Kulkarni,4,7.725
nm2603255,Eiki Takahashi,4,7.725
nm0448632,Ademir Kenovic,4,7.725
nm2516950,Denis Delestrac,4,7.725
nm2544171,Kimon Tsakiris,4,7.725
nm0448311,Rory Kennedy,5,7.72
nm0229028,Nenad Dizdarevic,5,7.72
nm1746006,Ian Darling,5,7.72
nm0872281,Helena Trest??kov??,11,7.718181818
nm0705497,Vulo Radev,6,7.716666667
nm1286892,Weijun Chen,6,7.716666667
nm1474697,Bettina Perut,7,7.714285714
nm1394555,Iv??n Osnovikoff,7,7.714285714
nm0014152,Humayun Ahmed,8,7.7125
nm0684596,Lucian Pintilie,10,7.71
nm0347720,Stere Gulea,10,7.71
nm0404655,Noah Hutton,3,7.7
nm2951747,Petra Seliskar,3,7.7
nm1484791,Joshua Oppenheimer,3,7.7
nm0963103,Tao Ruspoli,3,7.7
nm0806736,Bob Smeaton,3,7.7
nm0869242,Ra??l Alberto Tosso,3,7.7
nm0791543,Giorgi Shengelaia,10,7.7
nm0746950,Bimal Roy,18,7.7
nm0513726,Marion Lipschutz,3,7.7
nm0085985,Michael Blackwood,4,7.7
nm4203108,Darren Wilson,3,7.7
nm3592706,Tom Wyrsch,4,7.7
nm2953361,Chad N. Walker,3,7.7
nm1867415,??orfinnur Gu??nason,3,7.7
nm1526932,R. Paul Wilson,3,7.7
nm1031332,Francesco Miccich??,3,7.7
nm0469063,Fatmir Ko??i,5,7.7
nm2702141,Prasanna Jayakody,3,7.7
nm2407057,Jack Niedenthal,3,7.7
nm1212597,Ernesto Cabellos,3,7.7
nm0588769,Kurt Miller,6,7.7
nm0075225,Dori Berinstein,5,7.7
nm0659023,Pan Nalin,10,7.7
nm0469564,John Kramer,3,7.7
nm0438136,Bujar Kapexhiu,4,7.7
nm0413793,Lisa F. Jackson,5,7.7
nm2414020,Noam Pinchas,3,7.7
nm0277619,Jeffrey Fine,3,7.7
nm0005069,Spike Jonze,5,7.7
nm0003939,Vikramaditya Motwane,3,7.7
nm5237694,Pawan Kumar,3,7.7
nm1070561,Paolo Villaluna,4,7.7
nm0784236,Haro Senft,3,7.7
nm4870743,Dave Mossop,3,7.7
nm4349311,Antonio de Santos,3,7.7
nm2955744,Dave LaMattina,3,7.7
nm2616061,Simon Powell,3,7.7
nm2339266,Izu Ojukwu,3,7.7
nm1701278,Britta Wauer,3,7.7
nm0866661,Stanislav Tomic,3,7.7
nm0742420,Rose Rosenblatt,3,7.7
nm0624210,Hugh Munro Neely,3,7.7
nm0632560,Vijaya Nirmala,3,7.7
nm0474593,Eldar Kuliyev,5,7.7
nm0000399,David Fincher,11,7.690909091
nm0456699,Lyudmil Kirkov,10,7.69
nm0705576,Tomislav Radic,8,7.6875
nm0456281,Fritz Kirchhoff,8,7.6875
nm0013255,Agradoot,21,7.685714286
nm0179373,Javier Corcuera,7,7.685714286
nm0199470,Dang Nhat Minh,7,7.685714286
nm0378050,Patricio Henr??quez,7,7.685714286
nm0660453,Krsto Papic,13,7.684615385
nm0644565,Shinsuke Ogawa,6,7.683333333
nm0044242,Licinio Azevedo,6,7.683333333
nm1385225,Everardo Gonz??lez,6,7.683333333
nm1168657,Andrey Zvyagintsev,5,7.68
nm2050347,David Batty,5,7.68
nm0945981,Edward Yang,9,7.677777778
nm0275908,Connie Field,13,7.676923077
nm0111665,Simon Brook,4,7.675
nm1789501,Greg Whiteley,4,7.675
nm0888083,David Van Taylor,4,7.675
nm0338396,Walon Green,4,7.675
nm0290954,Herz Frank,4,7.675
nm0044933,Nikola Babic,4,7.675
nm0702698,Isa Qosja,4,7.675
nm5510199,Elham Gharehkhani,4,7.675
nm1320458,Shawn Woodard,4,7.675
nm0477757,Ferenc K??sa,8,7.675
nm0004321,Henning Lohner,4,7.675
nm1512797,Michael Dorsey,4,7.675
nm0396002,Janine Hosking,4,7.675
nm0846684,Kidlat Tahimik,4,7.675
nm8455056,Mehrtash Mahdavi,4,7.675
nm1406809,Barak Heymann,4,7.675
nm0351566,Yilmaz G??ney,4,7.675
nm1963886,Gr??mur H??konarson,4,7.675
nm0419485,Yorgos Tzavellas,11,7.672727273
nm0157140,Yasuki Chiba,7,7.671428571
nm0412094,Viktor Ivanov,3,7.666666667
nm0326124,Rick Goldsmith,3,7.666666667
nm0167384,Jacques Cluzaud,3,7.666666667
nm3574246,Marco Bonfanti,3,7.666666667
nm3603100,Zig Madamba Dulay,3,7.666666667
nm1497931,Mark Penney,3,7.666666667
nm0846967,Renee Tajima-Pena,3,7.666666667
nm0706740,Hamid Rahmanian,3,7.666666667
nm0227617,Ding Xian Yan,3,7.666666667
nm0006768,Rao C.S.R.,9,7.666666667
nm2962612,Anneta Papathanasiou,3,7.666666667
nm2334719,Carsten Rau,3,7.666666667
nm1539063,Anthony L. Fletcher,3,7.666666667
nm3796645,Tolga Kara??elik,3,7.666666667
nm2264272,Jack C. Newell,3,7.666666667
nm2307949,Josh Greenbaum,3,7.666666667
nm1852117,Jason Wise,3,7.666666667
nm0616880,Toni Myers,3,7.666666667
nm9083905,Tato Kotetishvili,3,7.666666667
nm6436658,Ashwiny Iyer Tiwari,3,7.666666667
nm1992598,Vytautas V. Landsbergis,3,7.666666667
nm0364117,Rebecca Harrell Tickell,3,7.666666667
nm2333670,Hauke Wendler,3,7.666666667
nm1312628,Colin K. Gray,3,7.666666667
nm0767012,Hubert Sauper,3,7.666666667
nm0470467,Jan Krawitz,3,7.666666667
nm3503468,Marc Pierschel,3,7.666666667
nm3181151,Jim Taylor,3,7.666666667
nm2418675,Daniel Lindsay,3,7.666666667
nm2330239,Pierre Rehov,3,7.666666667
nm2193547,Luu Huynh,3,7.666666667
nm1516376,Yoav Shamir,3,7.666666667
nm0893447,Venu Goopaalan,3,7.666666667
nm0691639,Marlo Poras,3,7.666666667
nm0714760,H.M. Reddy,5,7.66
nm2861164,Stephan Parent,5,7.66
nm0030155,Daniel Anker,5,7.66
nm0270832,Muharrem Fejzo,7,7.657142857
nm0327944,Alejandro G. I????rritu,7,7.657142857
nm0674529,Pierre Perrault,16,7.65625
nm0000975,Robert Bresson,13,7.653846154
nm0615948,Vagif Mustafayev,4,7.65
nm0923736,Joss Whedon,4,7.65
nm0530790,Zulkifli M. Osman,4,7.65
nm0726166,Leni Riefenstahl,4,7.65
nm0563339,Vasilis Mazomenos,8,7.65
nm1549090,Yuriy Feting,4,7.65
nm0813285,Alexandru Solomon,6,7.65
nm0264009,Wayne Ewing,4,7.65
nm2792110,Ritesh Menon,4,7.65
nm1522466,Giancarlo Bocchi,4,7.65
nm0439784,Girish Karnad,4,7.65
nm0666369,Richard Patterson,4,7.65
nm0827560,Matt Sterling,4,7.65
nm0357895,Hamish Hamilton,4,7.65
nm2573954,Miguel Gon??alves Mendes,4,7.65
nm2270163,David Sington,4,7.65
nm0672769,Stacy Peralta,4,7.65
nm1442514,S.S. Rajamouli,11,7.645454545
nm2243359,Gajendra Ahire,18,7.644444444
nm0122741,Ken Burns,9,7.644444444
nm0836202,Greg Stump,9,7.644444444
nm0777960,Stefan Schwietert,7,7.642857143
nm1396121,Makoto Shinkai,5,7.64
nm1182241,Rajachandra,5,7.64
nm0496969,Chang-dong Lee,5,7.64
nm1999473,Shoojit Sircar,5,7.64
nm0474533,Aga-Rza Kuliyev,5,7.64
nm0279211,Steven Fischler,5,7.64
nm3583561,Larry Rosen,24,7.6375
nm0040899,Pralhad Keshav Atre,3,7.633333333
nm2373826,Chris Brown,3,7.633333333
nm1003276,Dimitar Petrov,6,7.633333333
nm0446716,Nancy Kelly,3,7.633333333
nm0149196,Nuri Bilge Ceylan,6,7.633333333
nm2588606,Steve McQueen,3,7.633333333
nm1299531,Milen Getov,3,7.633333333
nm0902344,Matthias von Gunten,3,7.633333333
nm0259632,Eduard Erne,3,7.633333333
nm0158339,Chitraarth,3,7.633333333
nm3120981,Ing K.,3,7.633333333
nm2606340,Jan Haft,3,7.633333333
nm1585992,Eduardo Lucatero,3,7.633333333
nm4081209,Antonin Krizsanics,3,7.633333333
nm1078377,Mahmoud al Massad,3,7.633333333
nm0845465,Johan S??derberg,3,7.633333333
nm0041334,St??phane Aubier,3,7.633333333
nm0012744,Vjekoslav Afric,3,7.633333333
nm0783081,Ivars Seleckis,3,7.633333333
nm0660938,Raja Paranjpe,3,7.633333333
nm4318159,Nitesh Tiwari,3,7.633333333
nm2467734,Kenji Yamauchi,3,7.633333333
nm1902067,Roc??o Fern??ndes,3,7.633333333
nm0880297,Andrei Ujica,3,7.633333333
nm0843386,Johnny Symons,3,7.633333333
nm0479810,Stephan Lacant,3,7.633333333
nm0239042,Paul Duane,3,7.633333333
nm0129145,Marion Cajori,3,7.633333333
nm2210720,Naoko Yamada,3,7.633333333
nm1443920,Johan Kramer,3,7.633333333
nm1253769,Wenguang Wu,3,7.633333333
nm1269734,Andrey Paounov,3,7.633333333
nm0373614,Thomas N. Heffron,3,7.633333333
nm0314516,Aleksey German,6,7.633333333
nm0259896,Jacques Ertaud,3,7.633333333
nm1119079,Tomm Moore,3,7.633333333
nm0875394,Geno Tsulaya,3,7.633333333
nm0714690,B.N. Reddi,6,7.633333333
nm0464526,Stephan Komandarev,7,7.628571429
nm1334259,Tomer Heymann,7,7.628571429
nm0994416,Sebasti??n Schindel,7,7.628571429
nm0412217,Viktor Ivchenko,7,7.628571429
nm1261206,Greg Olliver,4,7.625
nm3809021,Alper Caglar,4,7.625
nm0477819,Sigrun K??hler,4,7.625
nm0408086,Takashi Imanishi,4,7.625
nm1936947,Levan Koguashvili,4,7.625
nm0652082,Dimitre Osmanli,4,7.625
nm0301863,Joze Gale,4,7.625
nm0025955,Adam Thomas Anderegg,4,7.625
nm3038805,Vincent Moon,4,7.625
nm0867104,Andrea Tonacci,4,7.625
nm0088001,Milan Blazekovic,4,7.625
nm5366274,Karthik Subbaraj,4,7.625
nm0313489,K.G. George,13,7.623076923
nm0462030,Masaki Kobayashi,22,7.622727273
nm0315872,Goutam Ghose,22,7.622727273
nm1086390,Narayan Puri,5,7.62
nm1385330,Sachi Hamano,5,7.62
nm0501387,Mickey Lemle,5,7.62
nm2292196,James Fair,5,7.62
nm0871735,Rob Tregenza,5,7.62
nm0784017,Manu Sen,5,7.62
nm0590829,Steve Mims,5,7.62
nm0548648,Goran Markovic,13,7.615384615
nm0846314,Zoran Tadic,8,7.6125
nm0850601,B??la Tarr,9,7.611111111
nm0000041,Akira Kurosawa,32,7.609375
nm0001425,Krzysztof Kieslowski,12,7.608333333
nm0590791,Vatroslav Mimica,12,7.608333333
nm0001392,Peter Jackson,13,7.607692308
nm0227544,Richard Dindo,16,7.60625
nm0130024,Paul Calinescu,7,7.6
nm0657965,Michael Palm,3,7.6
nm0563099,Albert Maysles,18,7.6
nm0264936,Dorothy Fadiman,3,7.6
nm0009900,Dejan Acimovic,4,7.6
nm5277601,Cris Macht,3,7.6
nm3992531,Pinaki Chaudhuri,3,7.6
nm3104562,Michael Zimbalist,3,7.6
nm2256873,Mat??as Gueilburt,6,7.6
nm1823281,Owen Alik Shahadah,3,7.6
nm1807599,Nick Peterson,3,7.6
nm1654078,Kenneth Price,4,7.6
nm1302043,Robert Ronny,3,7.6
nm0695396,Carles Prats,6,7.6
nm0666610,Parris Patton,3,7.6
nm0327315,Gang Xia,3,7.6
nm0108412,J. Brian,4,7.6
nm0075444,Zvonimir Berkovic,4,7.6
nm0846005,Vakhtang Tabliashvili,3,7.6
nm0724604,John Henry Richardson,3,7.6
nm0729820,Shaukat Hussain Rizvi,5,7.6
nm0665262,Vincent Patar,4,7.6
nm0499618,Boris Lehman,5,7.6
nm0193485,Richard Curtis,3,7.6
nm4174097,Will Moore,3,7.6
nm1776036,Tiziano Mancini,3,7.6
nm1635529,Aaron Hendren,4,7.6
nm1027719,Farhan Akhtar,4,7.6
nm0740110,Mika Ronkainen,6,7.6
nm0513035,Maurice Linnane,3,7.6
nm0277056,Benjamin Filipovic,3,7.6
nm0154716,Stephen Chbosky,3,7.6
nm4816947,T. Krishna,4,7.6
nm2041022,Andreas Dalsgaard,5,7.6
nm0702131,Elwood Perez,13,7.6
nm0556094,Masayuki,4,7.6
nm0451126,Rustam Khamdamov,4,7.6
nm0296828,Rapha??l Frydman,3,7.6
nm3205229,Shawn Welling,5,7.6
nm2635623,Uldis Brauns,3,7.6
nm2257147,Stevan Riley,4,7.6
nm1447144,David Zeiger,3,7.6
nm1370646,Gayle Ferraro,3,7.6
nm1056059,Rajeev Ravi,3,7.6
nm0833597,Deborah Stratman,3,7.6
nm0407057,Horia Igirosanu,3,7.6
nm0325045,Mick Gold,4,7.6
nm0176098,Mihai Constantinescu,6,7.6
nm0161834,Derek Cianfrance,5,7.6
